query;imagen;titulo;alt;subtitulo;precio;numerolegal;tin;tae;meses;km;ultimacuota;cuotaMensualSinIVA;cuotaMensualConIVA;precioFinanciado;ultimaCuotaSinIVA;ultimaCuotaConIVA;interesesSinIVA;interesesConIVA;costeTotalSinIVA;costeTotalConIVA;fechaValidezOferta;precioAlContado;fianza;environmental;environmentalalt
coches1;https://easylease-stl.com/ds/images/DS-3.jpg;DS 3;DS 3;E-TENSE ÉTOILE;418;1;6,99;7,39;60;100.000;13.446,94;417.72;505,44;37,163,71;13.446,94;16.270,80;7.796,24;9.433,45;7.796,24;9.433,45;30/11/2024;45.750,00;504,44;https://easylease-stl.com/ds/images/label-eco.png;Distintivo medioambiental ECO
coches1;https://easylease-stl.com/ds/images/DS-4.jpg;DS 4;DS 4;E-TENSE ÉTOILE;418;2;6,99;7,39;60;100.001;13.446,95;417.73;506,44;37,163,72;13.446,94;16.270,80;7.796,24;9.433,45;7.796,24;9.433,45;01/12/2024;45.750,00;504,44;https://easylease-stl.com/ds/images/label-eco.png;Distintivo medioambiental ECO
coches1;https://easylease-stl.com/ds/images/DS-5.jpg;DS 5;DS 5;E-TENSE ÉTOILE;418;3;6,99;7,39;60;100.002;13.446,96;417.74;507,44;37,163,73;13.446,94;16.270,80;7.796,24;9.433,45;7.796,24;9.433,45;02/12/2024;45.750,00;504,44;https://easylease-stl.com/ds/images/label-eco.png;Distintivo medioambiental ECO
coches1;https://easylease-stl.com/ds/images/DS-6.jpg;DS 6;DS 6;E-TENSE ÉTOILE;418;4;6,99;7,39;60;100.003;13.446,97;417.75;508,44;37,163,74;13.446,94;16.270,80;7.796,24;9.433,45;7.796,24;9.433,45;03/12/2024;45.750,00;504,44;https://easylease-stl.com/ds/images/label-eco.png;Distintivo medioambiental ECO
coches1;https://easylease-stl.com/ds/images/DS-3.jpg;DS 7;DS 7;E-TENSE ÉTOILE;418;5;6,99;7,39;60;100.004;13.446,98;417.76;509,44;37,163,75;13.446,94;16.270,80;7.796,24;9.433,45;7.796,24;9.433,45;04/12/2024;45.750,00;504,44;https://easylease-stl.com/ds/images/label-eco.png;Distintivo medioambiental ECO
coches1;https://easylease-stl.com/ds/images/DS-4.jpg;DS 8;DS 8;E-TENSE ÉTOILE;418;6;6,99;7,39;60;100.005;13.446,99;417.77;510,44;37,163,76;13.446,94;16.270,80;7.796,24;9.433,45;7.796,24;9.433,45;05/12/2024;45.750,00;504,44;https://easylease-stl.com/ds/images/label-eco.png;Distintivo medioambiental ECO
coches1;https://easylease-stl.com/ds/images/DS-3.jpg;DS 9;DS 9;E-TENSE ÉTOILE;418;7;6,99;7,39;60;100.006;13.446,10;417.78;511,44;37,163,77;13.446,94;16.270,80;7.796,24;9.433,45;7.796,24;9.433,45;06/12/2024;45.750,00;504,44;https://easylease-stl.com/ds/images/label-eco.png;Distintivo medioambiental ECO
coches1;https://easylease-stl.com/ds/images/DS-4.jpg;DS 10;DS 10;E-TENSE ÉTOILE;418;8;6,99;7,39;60;100.007;13.446,10;417.79;512,44;37,163,78;13.446,94;16.270,80;7.796,24;9.433,45;7.796,24;9.433,45;07/12/2024;45.750,00;504,44;https://easylease-stl.com/ds/images/label-eco.png;Distintivo medioambiental ECO
coches1;https://easylease-stl.com/ds/images/DS-3.jpg;DS 11;DS 11;E-TENSE ÉTOILE;418;9;6,99;7,39;60;100.008;13.446,10;417.80;513,44;37,163,79;13.446,94;16.270,80;7.796,24;9.433,45;7.796,24;9.433,45;08/12/2024;45.750,00;504,44;https://easylease-stl.com/ds/images/label-eco.png;Distintivo medioambiental ECO
coches1;https://easylease-stl.com/ds/images/DS-4.jpg;DS 12;DS 12;E-TENSE ÉTOILE;418;10;6,99;7,39;60;100.009;13.446,10;417.81;514,44;37,163,80;13.446,94;16.270,80;7.796,24;9.433,45;7.796,24;9.433,45;09/12/2024;45.750,00;504,44;https://easylease-stl.com/ds/images/label-eco.png;Distintivo medioambiental ECO
coches1;https://easylease-stl.com/ds/images/DS-3.jpg;DS 13;DS 13;E-TENSE ÉTOILE;418;11;6,99;7,39;60;100.010;13.446,10;417.82;515,44;37,163,81;13.446,94;16.270,80;7.796,24;9.433,45;7.796,24;9.433,45;10/12/2024;45.750,00;504,44;https://easylease-stl.com/ds/images/label-eco.png;Distintivo medioambiental ECO
coches2;https://easylease-stl.com/ds/images/DS-3.jpg;DS 14;DS 14;E-TENSE ÉTOILE;418;12;6,99;7,39;60;100.011;13.445,73;417.83;516,44;37,163,82;13.446,94;16.270,80;7.796,24;9.433,45;7.796,24;9.433,45;11/12/2024;45.750,00;504,44;https://easylease-stl.com/ds/images/label-eco.png;Distintivo medioambiental ECO
coches2;https://easylease-stl.com/ds/images/DS-4.jpg;DS 15;DS 15;E-TENSE ÉTOILE;418;13;6,99;7,39;60;100.012;13.445,57;417.84;517,44;37,163,83;13.446,94;16.270,80;7.796,24;9.433,45;7.796,24;9.433,45;12/12/2024;45.750,00;504,44;https://easylease-stl.com/ds/images/label-eco.png;Distintivo medioambiental ECO
coches2;https://easylease-stl.com/ds/images/DS-3.jpg;DS 16;DS 16;E-TENSE ÉTOILE;418;14;6,99;7,39;60;100.013;13.445,41;417.85;518,44;37,163,84;13.446,94;16.270,80;7.796,24;9.433,45;7.796,24;9.433,45;13/12/2024;45.750,00;504,44;https://easylease-stl.com/ds/images/label-eco.png;Distintivo medioambiental ECO
coches2;https://easylease-stl.com/ds/images/DS-4.jpg;DS 17;DS 17;E-TENSE ÉTOILE;418;15;6,99;7,39;60;100.014;13.445,25;417.86;519,44;37,163,85;13.446,94;16.270,80;7.796,24;9.433,45;7.796,24;9.433,45;14/12/2024;45.750,00;504,44;https://easylease-stl.com/ds/images/label-eco.png;Distintivo medioambiental ECO
coches2;https://easylease-stl.com/ds/images/DS-3.jpg;DS 18;DS 18;E-TENSE ÉTOILE;418;16;6,99;7,39;60;100.015;13.445,10;417.87;520,44;37,163,86;13.446,94;16.270,80;7.796,24;9.433,45;7.796,24;9.433,45;15/12/2024;45.750,00;504,44;https://easylease-stl.com/ds/images/label-eco.png;Distintivo medioambiental ECO
coches2;https://easylease-stl.com/ds/images/DS-4.jpg;DS 19;DS 19;E-TENSE ÉTOILE;418;17;6,99;7,39;60;100.016;13.444,94;417.88;521,44;37,163,87;13.446,94;16.270,80;7.796,24;9.433,45;7.796,24;9.433,45;16/12/2024;45.750,00;504,44;https://easylease-stl.com/ds/images/label-eco.png;Distintivo medioambiental ECO
coches2;https://easylease-stl.com/ds/images/DS-3.jpg;DS 20;DS 20;E-TENSE ÉTOILE;418;18;6,99;7,39;60;100.017;13.444,78;417.89;522,44;37,163,88;13.446,94;16.270,80;7.796,24;9.433,45;7.796,24;9.433,45;17/12/2024;45.750,00;504,44;https://easylease-stl.com/ds/images/label-eco.png;Distintivo medioambiental ECO
coches2;https://easylease-stl.com/ds/images/DS-3.jpg;DS 21;DS 21;E-TENSE ÉTOILE;418;19;6,99;7,39;60;100.018;13.444,63;417.90;523,44;37,163,89;13.446,94;16.270,80;7.796,24;9.433,45;7.796,24;9.433,45;18/12/2024;45.750,00;504,44;https://easylease-stl.com/ds/images/label-eco.png;Distintivo medioambiental ECO
coches3;https://easylease-stl.com/ds/images/DS-4.jpg;DS 22;DS 22;E-TENSE ÉTOILE;418;20;6,99;7,39;60;100.019;13.444,47;417.91;524,44;37,163,90;13.446,94;16.270,80;7.796,24;9.433,45;7.796,24;9.433,45;19/12/2024;45.750,00;504,44;https://easylease-stl.com/ds/images/label-eco.png;Distintivo medioambiental ECO
coches3;https://easylease-stl.com/ds/images/DS-3.jpg;DS 23;DS 23;E-TENSE ÉTOILE;418;21;6,99;7,39;60;100.020;13.444,31;417.92;525,44;37,163,91;13.446,94;16.270,80;7.796,24;9.433,45;7.796,24;9.433,45;20/12/2024;45.750,00;504,44;https://easylease-stl.com/ds/images/label-eco.png;Distintivo medioambiental ECO
coches3;https://easylease-stl.com/ds/images/DS-4.jpg;DS 24;DS 24;E-TENSE ÉTOILE;418;22;6,99;7,39;60;100.021;13.444,15;417.93;526,44;37,163,92;13.446,94;16.270,80;7.796,24;9.433,45;7.796,24;9.433,45;21/12/2024;45.750,00;504,44;https://easylease-stl.com/ds/images/label-eco.png;Distintivo medioambiental ECO
coches3;https://easylease-stl.com/ds/images/DS-3.jpg;DS 25;DS 25;E-TENSE ÉTOILE;418;23;6,99;7,39;60;100.022;13.444,00;417.94;527,44;37,163,93;13.446,94;16.270,80;7.796,24;9.433,45;7.796,24;9.433,45;22/12/2024;45.750,00;504,44;https://easylease-stl.com/ds/images/label-eco.png;Distintivo medioambiental ECO
